[
  {
    "icon": "fa fa-home",
    "slug": "external",
    "title": "Volver al inicio",
    "path": "index.html"
  },  
  { 
    "id": 1,
    "icon": "fa fa-file-text-o",
    "slug": "contexto_normativo",
    "title": "1. Contexto normativo y beneficios ambientales asociados a la implementación de la economía circular",
    "breadcrumb": ["Inicio","Tema 1"],
    "path": "pages/1-tema.html",
    "submenu": [
      {
        "icon": "fa fa-file-text-o",
        "slug": "contexto_normativo",
        "title": "1.1 Marco normativo sobre economía circular",
        "anchor": "11"
      },
      {
        "icon": "fa fa-file-text-o",
        "slug": "contexto_normativo",
        "title": "1.2 Incentivos normativos para la implementación de proyectos de economía circular",
        "anchor": "12"
      },
      {
        "icon": "fa fa-file-text-o",
        "slug": "contexto_normativo",
        "title": "1.3 Líneas de acción de la economía circular",
        "anchor": "13"
      },
      {
        "icon": "fa fa-file-text-o",
        "slug": "contexto_normativo",
        "title": "1.4 Beneficios de la implementación de la economía circular e impacto ambiental positivo",
        "anchor": "14"
      },
      {
        "icon": "fa fa-file-text-o",
        "slug": "contexto_normativo",
        "title": "1.5 Disminución del uso recursos (energía, agua y materias primas)",
        "anchor": "15"
      }
    ]
  },
  { 
    "id": 1,
    "icon": "fa fa-file-text-o",
    "slug": "generacion_de_propuestas",
    "title": "2. Generación de propuestas de aplicación de la economía circular",
    "breadcrumb": ["Inicio","tema 2"],
    "path": "pages/2-tema.html",
    "submenu": [
      {
        "icon": "fa fa-file-text-o",
        "slug": "generacion_de_propuestas",
        "title": "2.1 Innovación en el marco de la economía circular",
        "anchor": "21"
      },
      {
        "icon": "fa fa-file-text-o",
        "slug": "generacion_de_propuestas",
        "title": "2.2 Tipologías de iniciativas innovadoras y modelos de negocio",
        "anchor": "22"
      },
      {
        "icon": "fa fa-file-text-o",
        "slug": "generacion_de_propuestas",
        "title": "2.3 Ejemplos de iniciativas innovadoras en el marco de Economía circular",
        "anchor": "23"
      },
      {
        "icon": "fa fa-file-text-o",
        "slug": "generacion_de_propuestas",
        "title": "2.4 Estrategias de ideación",
        "anchor": "24"
      },
      {
        "icon": "fa fa-file-text-o",
        "slug": "generacion_de_propuestas",
        "title": "2.5 Ejemplos de modelos de ideación aplicada a negocios",
        "anchor": "25"
      }
    ]
  }
  
]